{
  "Signatur": "VD_TC_031",
  "Spider": "VD_Omni",
  "Sprache": "fr",
  "Datum": "2019-05-06",
  "HTML": {
    "Datei": "VD_Omni/VD_TC_031_RE-2019-0002_2019-05-06.html",
    "URL": "http://www.jurisprudence.vd.ch/scripts/nph-omniscgi.exe?OmnisPlatform=WINDOWS&WebServerUrl=&WebServerScript=/scripts/nph-omniscgi.exe&OmnisLibrary=JURISWEB&OmnisClass=rtFindinfoWebHtmlService&OmnisServer=7001&Parametername=WWW_V4&Schema=VD_TA_WEB&Source=search.fiw&Aufruf=getMarkupDocument&cSprache=FRE&nF30_KEY=177601&W10_KEY=10253412&nTrefferzeile=8&Template=search/standard/results/document.fiw",
    "Checksum": "a36cb8ed2b9d2b8d3264ec4d8c6e4f01"
  },
  "Scrapedate": "2023-01-01",
  "Num": [
    "RE.2019.0002"
  ],
  "Kopfzeile": [
    {
      "Sprachen": [
        "fr",
        "de",
        "it"
      ],
      "Text": "Vaud Tribunal cantonal Cour de droit administratif et public 06.05.2019 RE.2019.0002"
    }
  ],
  "Meta": [
    {
      "Sprachen": [
        "de"
      ],
      "Text": "Waadt  Cour de droit administratif et public"
    },
    {
      "Sprachen": [
        "fr"
      ],
      "Text": "Vaud Tribunal cantonal Cour de droit administratif et public"
    },
    {
      "Sprachen": [
        "it"
      ],
      "Text": "Vaud  Cour de droit administratif et public"
    }
  ],
  "Abstract": [
    {
      "Sprachen": [
        "de",
        "fr",
        "it"
      ],
      "Text": "A.________, B.________/Direction g\u00e9n\u00e9rale de la mobilit\u00e9 et des routes DGMR, Municipalit\u00e9 de Jorat-Menthue, le Juge instructeur (FK) du recours au fond, C.________, D.________ | Conflit de voisinage entre les \u00e9poux A. et B., d'une part, et les \u00e9poux C. et D. d'autre part, propri\u00e9taires de parcelles contigu\u00ebs. Les \u00e9poux A. et B., las que les \u00e9poux C. et D. empi\u00e8tent sur leur propri\u00e9t\u00e9 avec leurs v\u00e9hicules, ont mis \u00e0 l'enqu\u00eate une palissade \u00e0 \u00e9riger en limite de propri\u00e9t\u00e9. Dans l'attente de l'issue de cette proc\u00e9dure, ils ont pos\u00e9 des bacs contenant des thuyas \u00e0 l'endroit o\u00f9 la palissade devrait \u00eatre construite une fois autoris\u00e9e. Les \u00e9poux C. et D. ont demand\u00e9 \u00e0 la municipalit\u00e9 d'ordonner l'enl\u00e8vement imm\u00e9diat de ces thuyas qui limitaient la visibilit\u00e9 au d\u00e9bouch\u00e9 de leur propri\u00e9t\u00e9 sur la route cantonale. La municipalit\u00e9 a refus\u00e9 d'ordonner l'enl\u00e8vement au motif que la question de la visibilit\u00e9 serait examin\u00e9e dans le cadre de la mise \u00e0 l'enqu\u00eate de la palissade fixe. Les \u00e9poux C. et D. ont recouru contre cette d\u00e9cision et requis, par mesures provisionnelles d\u00e9j\u00e0, l'enl\u00e8vement des thuyas. Le juge instructeur du recours au fond a ordonn\u00e9 l'enl\u00e8vement des bacs \u00e0 v\u00e9g\u00e9taux par d\u00e9cision de mesures provisionnelles. Les \u00e9poux A. et B. ont interjet\u00e9 un recours incident.\rLe recours a \u00e9t\u00e9 rejet\u00e9. Le juge instructeur du recours au fond avait proc\u00e9d\u00e9 \u00e0 une pes\u00e9e des int\u00e9r\u00eats et consid\u00e9r\u00e9, d'une mani\u00e8re qui ne pr\u00eate pas le flanc \u00e0 la critique, que l'int\u00e9r\u00eat public \u00e0 la s\u00e9curit\u00e9 au d\u00e9bouch\u00e9 d'une route cantonale l'emportait sur le droit des propri\u00e9taires \u00e0 am\u00e9nager leur bien-fonds. Certes, les conclusions prises en mesures provisionnelles \u00e9taient les m\u00eames que celles prises au fond, mais la d\u00e9cision de mesures provisionnelles restait en l'esp\u00e8ce susceptible de modification au terme d'une instruction compl\u00e8te \u00e0 venir, les bacs \u00e0 v\u00e9g\u00e9taux litigieux \u00e9tant mobiles et con\u00e7us pour \u00eatre d\u00e9plac\u00e9s dans un sens ou dans l'autre."
    }
  ],
  "ScrapyJob": "446973/40/2081",
  "Zeit UTC": "10.11.2025 21:32:14",
  "Checksum": "47c0911ebdf56af0a9c40e2ee5014547",
  "content_hash": "5e88a0fab228a028a0c4d5ba25b4edb1a738b95a269847ea57525001d59b2653",
  "embedding": [
    0.027396663687088423,
    0.001971508156404727,
    0.011996587738394737,
    -0.022545452281418774,
    -0.001151452022087243,
    0.018869297022724316,
    -0.029960083361301158,
    -0.03422733996477392,
    -0.016714155829201143,
    0.014778412904383408,
    0.0379532797055112,
    -0.041813896451559335,
    -0.018702366932605703,
    -0.012411088579230838,
    -0.012177699918134345,
    0.009087286320411496,
    0.07085082348850039,
    -0.02277385878066222,
    -0.015906506386171613,
    0.02583235140062041,
    0.03341571593450175,
    0.005220918101258576,
    -0.015162128877515594,
    -0.01041770589330958,
    -0.013191522616479132,
    -0.040443202687634364,
    0.012981513566854928,
    -0.01152822352014482,
    0.02172966104828649,
    -0.011107434259934558,
    0.02610667386195726,
    -0.022329796105623245,
    -0.0011267077902124987,
    -0.004610784558786286,
    -0.02167676327129205,
    0.02834648085344169,
    -0.017768834846922092,
    -0.02862376067787409,
    0.0017219772562384605,
    0.0175351389657913,
    0.02046757351814045,
    0.04374211302234067,
    0.005266211978677247,
    -0.0072087221649578875,
    -0.04520698140064875,
    0.02309685738550292,
    0.01466447831545439,
    0.020235609263181686,
    -0.02434173583363493,
    0.017325556837022305,
    0.010179410067697367,
    0.0319054958721002,
    -0.00993823492899537,
    0.01891888269326753,
    -0.02842822474324041,
    -0.00014651173518763648,
    -0.027385247871279716,
    0.014297241862449381,
    0.014568117964598868,
    0.012858506912986437,
    0.03220290856228934,
    -0.02688828602226244,
    0.007789684097386069,
    -0.025670164161258273,
    -0.04715832964413696,
    0.04669289311601056,
    0.01202935636198769,
    0.049665843033128314,
    0.015713952637522906,
    0.05214960128068924,
    -0.029385038858486548,
    0.01081356644216511,
    0.03978514009051853,
    -0.03220891207456589,
    -0.00672776252678078,
    -0.013504376634955406,
    0.0733070501850711,
    0.016413849390422303,
    -0.029218420903715823,
    -0.0034802803873187965,
    -0.0023649431920299926,
    0.01557356633970307,
    -0.02234098848162426,
    0.037239410604039826,
    -0.012779374283531474,
    -0.013920044746353395,
    -0.02914869687002566,
    0.027578467710150614,
    -0.0017526130605902937,
    -0.015546818626009755,
    0.0029558067261758777,
    0.030823187799089484,
    -0.023322930763242766,
    0.032217319019966655,
    0.03008735552430153,
    -0.021310186919031873,
    -0.01447273873620563,
    -0.003016446626538204,
    0.009180476753196368,
    -0.022031659641975745,
    0.015167104313150048,
    -0.028035924925158422,
    0.009903807839792635,
    -0.030210528522729874,
    0.04976876121428278,
    -0.015666769691354904,
    -0.004534933612578445,
    0.027839257174895868,
    0.02383991987961862,
    -0.052961437238587275,
    0.09689665047658814,
    -0.03605944091557629,
    0.01791301090270281,
    0.06880553439259529,
    0.019032799729353025,
    -0.029178568886386022,
    -0.03354980672399203,
    0.010280991076595254,
    0.03602303109235234,
    -0.016292851521737046,
    0.017565127824329667,
    -0.001963210085199939,
    -0.022897548145718045,
    -0.03329887530869908,
    0.04728136397898197,
    -0.003002434710247649,
    0.021660374632726114,
    -0.030148551126735076,
    -0.0457102091362079,
    -0.06552112847566605,
    0.0003224865843852361,
    0.024694806482228968,
    -0.019493852444510493,
    -0.022478120582592156,
    -0.019094552249751158,
    -0.043236988286177315,
    -0.01292716603105267,
    0.0048843456121782465,
    -0.007135808830045992,
    -0.030573402531445026,
    0.043310745515757136,
    0.04005649334026708,
    0.004078916183465885,
    0.03532001642613775,
    -0.04588062668012248,
    0.02189020931513773,
    0.006028428052862485,
    0.0008517499680035851,
    0.02878286495494346,
    0.029020429278413456,
    -0.03808233473036024,
    -0.010544753762789898,
    0.03604847751557827,
    -0.002046346509208282,
    -0.007606708780965871,
    -0.033572508345565036,
    0.001102430901179711,
    0.060751607848538294,
    0.00510165936106609,
    -0.012328747763401933,
    -0.04362849953273932,
    -0.056171056917972036,
    0.01240460905763838,
    0.007652316611104955,
    0.029049000806278653,
    0.03311276684204737,
    0.005916186763594548,
    0.010736520007614873,
    -0.02999055168280999,
    0.013176634390321042,
    0.005413303125856651,
    -0.017568339128047228,
    -0.01924018794670701,
    0.018056566154377326,
    -0.037103813969426684,
    0.02054181552699043,
    -0.03322436443219582,
    0.006604430032894015,
    0.0517132342275646,
    -0.03170527993804879,
    0.016620397257308166,
    0.0035154524052308667,
    0.027338662909136877,
    -0.011753546332733499,
    0.009385758933300773,
    0.02349022998371058,
    -0.01296367002133694,
    0.05093749219344722,
    -0.02272000401798222,
    0.0028996579478391344,
    -0.0023972323009123406,
    -0.041147950001888804,
    0.022015968699836068,
    0.0010077772248122427,
    0.014058583428979747,
    -0.01779486073387994,
    0.00984966117862819,
    0.035654322451187506,
    -0.03558026750882467,
    0.014687896913124455,
    -0.02250609743512339,
    -0.06098251334495015,
    0.015327403891003795,
    0.008741623980717527,
    -0.02310987530897061,
    -0.007428793488846471,
    0.012486833464612978,
    0.02085283044208255,
    0.011628070257655863,
    -0.04404771741893557,
    0.01541471826688697,
    0.002020759637364083,
    -0.0012316031950629419,
    0.025615970293680828,
    -0.02276864697018431,
    -0.005151785431533224,
    -0.03847679537203577,
    0.005785699190002763,
    -0.02528245601337807,
    0.013371006016516022,
    0.011069579153425164,
    -0.004702150957503666,
    0.011243014415312145,
    -0.00015583787009947829,
    -0.03321483006907834,
    0.06256898244222005,
    -0.030931665976014402,
    -0.015032078023068607,
    -0.028699495810239267,
    -0.04045912398982586,
    -0.01926457333481974,
    0.001112177887181234,
    -0.04944730136129591,
    -0.0305563033454948,
    -0.022710053974555597,
    -0.02408517784594248,
    0.008231719334920248,
    -0.00536123108273993,
    -0.013309530875024697,
    0.013616649718541238,
    0.023466309636003442,
    0.00996821278143519,
    0.0036875804006639454,
    -0.02438333087290327,
    0.010870613545800248,
    0.006347395790119966,
    -0.004743129428890016,
    -0.0307997134514153,
    0.004226131765689287,
    0.01381999756106072,
    -0.00175070824722449,
    0.03213905475826727,
    -0.009030101976046959,
    -0.018615484318514872,
    -0.06507372856140137,
    0.019184323596871562,
    0.007246489274419016,
    -0.020614139942659274,
    -0.026871388726350334,
    -0.029858809042101104,
    0.0031452317101260028,
    0.003922802421988713,
    -0.013451650324794982,
    -0.023362389041317835,
    0.03357252250942919,
    0.00868337115065919,
    0.033853617082867354,
    0.0076494506534395944,
    0.012240801113269603,
    0.003433882736620338,
    -0.010128304517517487,
    0.006925673715563284,
    -0.006981800737169881,
    0.022181324764258332,
    -0.016604163244159684,
    0.04298034186164538,
    0.034080021704236664,
    0.029839600022468302,
    -0.01709296111948788,
    0.008718109703800615,
    7.138848822149966e-05,
    0.04449662669665284,
    -8.767171271352304e-05,
    0.023480487909788888,
    0.031986880426605545,
    0.0034395150271140868,
    0.006047975427160661,
    0.020139654477437336,
    0.024479336829649076,
    0.04817956541147497,
    0.0006943107582628727,
    0.025140471911678713,
    0.00601367589034554,
    -0.008785913625615649,
    0.013015576612411274,
    -0.013370093188617224,
    0.017482619784358475,
    -0.03366182227101591,
    0.022441027789480157,
    0.04425390954646799,
    0.0069700649603166515,
    0.07624820909566349,
    -0.006411705450672243,
    0.007433638468177782,
    -0.0217655710875988,
    -0.016380313369962905,
    0.0320071829482913,
    0.027845622092071507,
    -0.04255663086142805,
    -0.011781672552590154,
    0.00012920439217446579,
    -0.017484899403320417,
    -0.07051784421006839,
    -0.04904570761654112,
    0.01662753305087487,
    -0.05774254476030668,
    0.08537140074703428,
    -0.011495046317577362,
    -0.019394334591601767,
    -0.030916103679272864,
    0.05466561557518111,
    -0.012522403461237749,
    -0.012879009203364452,
    -0.004753133049234748,
    -0.024033415752152603,
    -0.016040249274940126,
    0.01902953473230203,
    -0.011356851098955505,
    0.009343938934358044,
    0.0004268897593849235,
    -0.029938293310503166,
    0.011113556826280223,
    -0.014439618763087006,
    -0.007541423042615254,
    -0.0345648562328683,
    -0.007679300926004847,
    -0.0039222441070402665,
    0.008395463166177959,
    0.04367463290691376,
    -0.009628942443264855,
    -0.004526376556087699,
    0.01605435002905627,
    0.025655929749417637,
    0.005936546897929575,
    -0.010497635715485861,
    -0.0099007377834318,
    -0.006740976082963041,
    -0.04354824312031269,
    0.029960713245802455,
    0.05654008479581939,
    -0.029324603603324957,
    -0.061862274590465754,
    -0.0074393147656842806,
    -0.012248666762995223,
    -0.0204091001715925,
    0.009109342134454183,
    0.028400985213617485,
    0.0032537881828223667,
    -0.014406137996249728,
    0.0195835014908678,
    -0.011452432113906575,
    0.01003621945468088,
    0.003072141834612315,
    0.014563258970156312,
    -0.013019269487510124,
    0.04183392412960529,
    -0.05481813641058074,
    -0.002336375790441202,
    -0.008556421897891495,
    -0.015268347795224853,
    0.029418053208953805,
    -0.00891725750019153,
    -0.017575994030468993,
    -0.00511937353035642,
    -0.006074952867089046,
    0.012784537755780749,
    0.009390102337217994,
    0.03198169440858894,
    0.04386015153593487,
    -0.036976749491360456,
    0.009492284204396937,
    -0.01315867479166223,
    -0.04222749835915036,
    -0.024277532266245946,
    0.03709355348514186,
    0.010694878926086757,
    0.0022435167726750174,
    -0.01021343826626738,
    0.0058653779043298625,
    0.020378706097188923,
    0.0208969677074088,
    0.013349308037302561,
    -0.06064801000886493,
    0.0286466922197077,
    -0.02565698191109631,
    -0.020955198237465486,
    0.057731050014909774,
    -0.016957113687466416,
    0.03552259152962102,
    -0.04295725499590238,
    -0.00801182139871849,
    0.016987228100737814,
    -0.05154444070325957,
    -0.016432467692842085,
    0.005592574482660793,
    0.02666751616117027,
    0.01129490670023693,
    -0.015546932299104001,
    -0.0064184824004769325,
    -0.034820525620792374,
    -0.026795088313519955,
    -0.022166793648567464,
    0.01924348757084873,
    -0.041326255434089236,
    0.014312477575408088,
    -0.046396349660224386,
    0.027458096362857357,
    0.04240631187955538,
    -0.03182429132155246,
    0.018556382093164656,
    0.0003467678486938692,
    0.004736196611904436,
    0.038078087071577706,
    -0.01735769274334113,
    -0.003954261369977353,
    0.03473121344965572,
    -0.0071500560164471,
    0.00997275706484086,
    0.07164231066902478,
    -0.03265796782862809,
    -0.02972072186983294,
    0.03840149845927954,
    0.011114922093434466,
    -0.019602918091954455,
    -0.014976406262980567,
    -0.014390088928242525,
    -0.03135346848931578,
    0.01346867042593658,
    -0.018683189738415724,
    -0.019648975899649992,
    -0.029987076491427917,
    -0.03155915237342318,
    0.021801732687486544,
    0.03366437857039273,
    0.0015134475995889967,
    -0.01471896756750842,
    0.013354195954485072,
    0.03907260267684857,
    -0.0071657463494274355,
    0.00791023097311457,
    -0.03872797182864613,
    0.020391567176880523,
    0.04751605995827251,
    -0.032285886299279004,
    -0.030102401764856443,
    0.02391061673147811,
    -0.01285120465197704,
    0.014175855153654184,
    -0.030632666622598965,
    -0.02665368312348922,
    0.062112733307811946,
    0.03451890933016936,
    -0.00841649068105552,
    0.02619173253575961,
    -0.010770279681310058,
    0.003924629599269893,
    -0.008755378399251236,
    0.019044789657022596,
    -0.02815452590584755,
    -0.018148872464533068,
    -0.0011499720470358927,
    0.012433265426403118,
    0.03150583586345116,
    -0.032395776671667896,
    -0.04511043708771467,
    -0.006755390311203276,
    -0.013676223590866558,
    -0.03973571314579911,
    0.017406331202235177,
    -0.021527513163164258,
    0.010448033041838143,
    -0.05632442401515113,
    -0.0019333567211611404,
    -0.013631995922575394,
    0.00020232328420711888,
    0.021139203674263425,
    0.05796724516484472,
    0.051654050747553505,
    -0.05811619096332126,
    -0.00382041741330694,
    -0.010801290653439032,
    0.00017606705013248656,
    -0.0035919694411050943,
    -0.011205810432632765,
    -0.021784046858859558,
    -0.0385786694371038,
    -0.032201747306519084,
    -0.00615643917181943,
    0.008865751481304565,
    -0.025302479806770053,
    -0.004731059203752213,
    0.03947031001249949,
    -3.518220910336822e-05,
    -0.03267124305582709,
    0.004171833474376601,
    0.05269593455725246,
    -0.020684426055393286,
    0.005092385807074606,
    0.04354389694829782,
    0.009932941964103116,
    -0.001847394774409218,
    -0.015514878633742532,
    -0.002476870341019498,
    -0.01823772665941053,
    0.0047235487824461115,
    -0.0016009313468303946,
    -0.013340712237145958,
    0.028609376814630296,
    -0.0036734300212831134,
    0.01368796714167628,
    0.013212779278142585,
    -0.021342469586266413,
    0.007316172950797611,
    -0.02318597108953529,
    0.012264125049114227,
    0.01876864509863986,
    -0.004464767860352165,
    -0.06786564861734708,
    -0.011480912307484282,
    -0.018879055769907102,
    0.023397561874137156,
    -0.022489235425988834,
    -0.004272597232354908,
    0.026569505739543173,
    0.036131100832588144,
    0.0026021105327850413,
    -0.02010246305144392,
    0.00012078889024754365,
    0.01051434688270092,
    0.0017958982821760906,
    -0.007194032827909622,
    0.004227833359942047,
    0.0152445157420718,
    0.014758992319305738,
    -0.014594887357412113,
    -0.0022033064871922964,
    0.01846710147543086,
    -0.01570838617367877,
    -0.0033012453156212964,
    0.0027520064193393206,
    -0.0013432167082404096,
    0.02431869191221065,
    -0.012899007699969742,
    0.027839309432440333,
    -0.029204246484571032,
    0.030598240801029734,
    0.010559717464881638,
    -0.009627906450380882,
    -0.0331554241064522,
    0.007391618202543921,
    -0.0017917620651941332,
    0.022682662949793868,
    0.025908820951978367,
    0.005018632341590192,
    3.378420660737902e-05,
    0.013535913907819323,
    0.004791400616972573,
    0.024531924890147314,
    -0.015142326094468849,
    0.03107081146703826,
    -0.008311704926503202,
    0.03274164100488027,
    0.00937081676804357,
    -0.010151111275061138,
    0.0151478807351345,
    -0.014433015448351702,
    -0.018320508663439088,
    0.008341485246395072,
    -0.006791552153622938,
    -0.03323938169827064,
    -0.007377905835811462,
    -0.03231622289038367,
    -0.012685349573277764,
    -0.005092158215120435,
    0.008183201231683293,
    -0.005911493182389272,
    0.00975736743647657,
    -0.00033365430620809394,
    -0.021745241169507306,
    -0.010073689692136314,
    0.005518500693142414,
    -0.022293648372093838,
    -0.011802818781385819,
    -0.011741213034838438,
    0.04025843698117468,
    0.026401206695785124,
    0.007531020007768853,
    -0.0012847662049656112,
    0.00742242670750986,
    0.002962953475717869,
    0.008009065168961469,
    -0.004415182215679023,
    0.026667922010852232,
    0.004976347567410105,
    -0.0038995348667312,
    0.021257362742390897,
    0.036272554761833616,
    -0.04104933742847708,
    -0.0018476935672677225,
    -0.0005695625505824056,
    0.02797653101798561,
    0.014792973783591555,
    0.002638318860489461,
    -0.016914011212065816,
    0.0026616743756070114,
    -0.0007998681135682596,
    -0.01068545039743185,
    -0.021885895480712254,
    -0.013775226362566981,
    -0.01935084443539381,
    0.037558329395122,
    -0.010426431079395115,
    0.008210854074503813,
    -0.009401601700422665,
    -0.0029641487376971375,
    0.01757569404111968,
    0.0016412978681425254,
    -0.022354330324257415,
    0.03332043501238028,
    -0.02387603695711328,
    0.004965159091322373,
    -0.018413954000506137,
    0.00814194723756777,
    -0.00967945136492037,
    0.005234096639065279,
    0.01733125445995635,
    0.0030688501816863814,
    -0.009850476221698854,
    0.0038103698591132546,
    0.002187420588193668,
    0.01581786615416705,
    0.019369913135758705,
    0.05859389280279478,
    -0.0390616272472673,
    -0.007677535836895307,
    0.013001155418654283,
    0.0004801500278214614,
    0.004167228212787045,
    0.0047412402733849985,
    -0.0005835453177698784,
    -0.018300085535479918,
    0.03666511757506265,
    -0.0015973746194504201,
    0.004561057197861373,
    0.0009800188967751132,
    -0.009955471420350174,
    0.0012411336129945186,
    -0.007085402289198505,
    -0.017615929970310792,
    0.057577655754155584,
    0.005606773115384082,
    0.01465499234230568,
    0.0036504779062751266,
    -0.01725966890808195,
    -0.014930379124254815,
    0.00315242869934688,
    -0.006918540444328553,
    -0.017304910468131613,
    0.0036656789080653754,
    -0.008623653557151556,
    0.010552221960905526,
    0.006199034739337448,
    0.03610159601602289,
    0.05108729170428382,
    0.02025787139104472,
    -0.020151243700335424,
    -0.004217775305733085,
    -0.00618072962647097,
    -0.0037424983456730843,
    0.016831953181988664,
    0.010871221110897345,
    0.00948110303013689,
    -0.017683685705479648,
    0.017944950738132723,
    -0.03208537420464887,
    0.012935367671565877,
    0.014129255898296833,
    0.04112199197212855,
    -0.02613914737270938,
    0.030426748666084476,
    0.012639105384651985,
    -0.011616294194633761,
    0.035242247912618846,
    -0.031803437819083534,
    0.017900635470545642,
    -0.009781527656337453,
    0.01686609008659919,
    0.023630189140223794,
    0.016311898982773226,
    -0.05396311440401607,
    -0.0012669483742987115,
    0.010871765514214834,
    -0.0027899870959421,
    0.0017553105588174528,
    0.028100262292557292,
    -0.010817871487233788,
    0.012957014977776756,
    -0.004661025925694655,
    0.012805570744805865,
    -0.03559156983262963,
    -0.010053540894659818,
    -0.02575835306197405,
    -0.0406115727706088,
    0.006586923551771583,
    -0.025079560569590993,
    0.03095041774213314,
    0.0015795257770352894,
    0.011263441087471114,
    0.0028979281067020362,
    -0.002322583614538113,
    -0.03272252705776029,
    0.0084029214663638,
    -0.044214459343089,
    -0.026186446555786662,
    0.02797963899663753,
    0.008079728738973953,
    -0.00189072032743651,
    0.043463438749313354,
    0.03483159364097648,
    0.04120310509784354,
    -0.01587579774463342,
    0.011743490530433418,
    -0.001555213672367649,
    0.012880641061605679,
    -0.020330604747869074,
    0.03182922055323919,
    0.017802071266083255,
    0.05179792228672239,
    -0.03984872934718927,
    -0.0048017694692437845,
    -0.006092078375837041,
    -0.021664100505101185,
    -0.010802436477711631,
    0.0077511401743524605,
    -0.015562501936478334,
    -0.011948319824619425,
    -0.00991504403646104,
    0.03243052183339993,
    -0.0709093055791325,
    0.015048484321192114,
    0.004676751430249876,
    0.00889028137963679,
    -0.015440736457498537,
    0.01781687093898654,
    -0.0017537758426947726,
    -0.003507718689636224,
    -0.02466726044399871,
    -0.015860685250825353,
    0.01027427418739535,
    -0.009658567555662658,
    0.004985064216372039,
    -0.022388491928318724,
    -0.0047616299675104935,
    -0.028990072715613577,
    0.024203377982808486,
    0.010951521573588252,
    0.012524569562325874,
    0.00532641871056209,
    0.004671184734130899,
    0.019494302053418424,
    -0.006677448025180234,
    -0.03775471306612922,
    -0.002405606921658748,
    0.028759818149006203,
    0.018218853732327664,
    -0.014250640938472416,
    0.005051503766379837,
    -0.010775554092914617,
    -0.004166076710033748,
    -0.00943736426739229,
    0.010707681998610497,
    0.01396822655806318,
    -0.0600097601612409,
    0.011059158197086718,
    -0.001535782373846612,
    -0.007397933061131173,
    -0.010978036320820037,
    -0.020472901666329965,
    -0.03196787233981821,
    -0.024971029979092743,
    -0.010117825224167772,
    -0.0173906445917156,
    0.010976352994071526,
    0.008993012539576739,
    0.001651367799948073,
    -0.004232137852037947,
    -0.004241849192314678,
    0.01658566071030994,
    0.026922454229659505,
    0.003006200826752724,
    0.004803301481943991,
    -0.05715615509284867,
    -0.04114550290008386,
    0.027704241478608713,
    -0.008582036153206395,
    -0.005801544990390539,
    -0.029770154505968094,
    0.02336116662869851,
    0.024118333421130147,
    -0.009509614578241276,
    -0.00896132675309976,
    0.03895947523415089,
    0.005201558964068277,
    -0.018720775286460087,
    0.02753828766031398,
    0.05423615790075726,
    -0.022464261804189947,
    -0.00986466595592598,
    -0.00892913066652707,
    0.0019518251970617308,
    -0.01284541756225129,
    -0.013306598386002911,
    -0.004751466887278689,
    0.009911776390961476,
    -0.03428231883380148,
    -0.001386159481222017,
    -0.020551319389293592,
    -0.013119418077015629,
    0.030256125662061904,
    0.04924032630191909,
    0.0063565082310661734,
    -0.025898872434885964,
    -0.042674776108469814,
    -0.012844171297426024,
    0.01271293829389227,
    -0.022511890714263752,
    -0.024689390556886792,
    -0.010960720505358445,
    -0.000623509313704239,
    -0.010043038223456178,
    -0.00778795547860985,
    0.014106094216307005,
    -0.017607587156817317,
    0.029833424629436597,
    -0.017877589186860457,
    0.013914430979639292,
    -0.018812870606780052,
    0.018940390889636345,
    -0.024614341763986483,
    0.018230659783714347,
    -0.011368527801500427,
    -0.008000029509680139,
    -0.0015992721439235741,
    0.024825736582796607,
    -0.02181600049758951,
    -0.029071237581471603,
    -0.012299986970093515,
    -0.02201578098659714,
    -0.008304407082808515,
    0.016812041324252885,
    0.006896492223151856,
    0.004112339069049792,
    -0.010051299694977287,
    0.0026886192176284063,
    -0.013625762788150395,
    -0.01533678225759003,
    -0.016988008386558957,
    -0.013323626118815608,
    -0.003505925466823909,
    -0.011221359121716686,
    0.011276263462301964,
    -0.019154489350815613,
    -0.0038014107073346772,
    -0.03024984834094842,
    0.008840328341142999,
    0.0029407512241353593,
    0.005308075083626641,
    0.032212293396393456,
    0.003391399423384832,
    -0.036262102218137846,
    0.022595866065886285,
    -0.013354726562586924,
    0.011513233087801686,
    0.018825459035320416,
    0.030541584516565006,
    0.0049576060620084815,
    -0.03315943251881334,
    0.024123408521215122,
    0.007607331990988718,
    0.009917105179435262,
    -0.016831586758295696,
    -0.015027876639376499,
    0.03657525550160143,
    -0.02109159156680107,
    -0.052430650542697146,
    0.02649696207501822,
    0.02812498000760873,
    0.011839870415214036,
    0.027186514395806525,
    0.009512716555036604,
    0.01772615106569396,
    -0.03878062508172459,
    0.020354192497001752,
    0.009632644372888736,
    0.026551473575333755,
    -0.022204928876211245,
    0.008835949569604255,
    -0.00966541564816402,
    -0.023512825162874326,
    -0.018536246278219752,
    0.007329641471895027,
    0.014365394630456448,
    0.025020488020446565,
    0.002044325125300222,
    -0.02118260920461681,
    0.0308732067545255,
    -0.00809420270120932,
    0.015588156413286924,
    0.005411920693909956,
    -0.03637258604996734,
    0.0035922322810317078,
    0.04263092349800798,
    0.019084108476009633,
    0.023812844715495076,
    -0.036886847112327814,
    0.009766555344362536,
    -0.01861472288146615,
    0.023948432463738654,
    0.020106778169671696,
    0.00853387669647216,
    -0.004848465840849612,
    0.01986286985791392,
    -0.02547851898190048,
    0.01130716699279017,
    0.01747808170168557,
    -0.034552554289499916,
    0.002842688764859405,
    0.016097084619104862,
    -0.01750499361919032,
    -0.0011298696562233898,
    -0.002150940372505122,
    -0.0009317863182837351,
    0.004843016611024116,
    -0.0026479814971228028,
    0.02085623222713669,
    -0.018557782291382965,
    0.003408334153290424,
    -0.008037809825812777,
    0.007471862973438369,
    -0.0005096551418925325,
    0.020583242863520153,
    -0.02404136671167281,
    0.006777512621031039,
    0.003878974536847737,
    0.00900206771782703,
    0.007050542316089074,
    -0.029996569785806868,
    -0.03164497328301271,
    0.012584094811851779,
    -0.03436016094767385,
    -0.020644520926806662,
    0.011006774794724252,
    -0.01764512677780456,
    -0.001995875470230304,
    -0.014212595984443195,
    0.021349865684492722,
    0.0056939988604022395,
    -0.004724529132040011,
    -0.015149781480431557,
    0.0137571071067618,
    -0.004197403219425016,
    -0.029137272387742996,
    -0.0035007952764216396,
    -0.021738285509248573,
    -0.03436236228379938,
    0.024022199472205505,
    0.009142540566649081,
    -0.04349816652635733,
    0.0018306853857615755,
    -0.020363353917168245,
    0.022554987808689475,
    0.026340638080404863,
    -0.016209651483222842,
    0.028217444403303996,
    -0.011397749521873064,
    0.025445418949756358,
    -0.01182182381550471,
    0.0018900393560114834,
    0.03102308822174867,
    0.0034523902318647336,
    0.030564638139266107,
    0.020350431350784168,
    0.007480800328873253,
    -0.004505550678004511,
    0.01551551827126079,
    0.016982725717955165,
    -0.01597180910822418,
    -0.06345866827501191,
    0.03590288111526105,
    0.02966306224051449,
    -0.004864776274189353,
    0.006683610534916322,
    -0.006211591431767576,
    0.020724258890065055,
    -0.012667111948960356,
    -0.010147354306860102,
    0.002591188537836489,
    0.019150229170918465,
    0.0015588123448348294,
    -0.03688421529821224,
    -0.007760587623730923,
    0.0033962767467730576,
    0.0449504643264744,
    -0.02661614169806449,
    -0.007353770287914408,
    0.02330135448007948,
    -0.023042869029773608,
    -0.004223172439702062,
    -0.022263021104865603,
    0.003514538777785169,
    0.0017518862668010923,
    0.01882415467924956,
    0.00802028780647864,
    -0.00388960016425699,
    0.011916419672262337,
    0.023167839273810387,
    0.006636988982791081,
    0.007403969247308042,
    0.044682071854670845,
    0.01554195231033696,
    -0.015869335116197664,
    -0.0006690866397952454,
    -0.0005529999875256585,
    0.02448590353338255,
    0.033180583682325154,
    -0.01752508690373765,
    -0.006699880429853995,
    0.013361296771715084,
    -0.0006841785636627012,
    -0.007299143038431389,
    -0.0033154308427280435,
    -0.023051620254086122,
    -0.022793439000249945,
    0.03634584674404727,
    -0.02817435298735897,
    -0.032175650199254356,
    -0.01010245799423299,
    0.023812484565294452,
    -0.001969478972670105,
    0.023282513436343934,
    -0.00673588892742474,
    0.03357783704996109,
    -0.027817467227578163,
    0.006459811974006395,
    0.00736840395095189,
    -0.011995170917038599,
    0.02623834129836824,
    0.008228075781112744,
    -0.0032971424128239355,
    0.04435247638159328,
    -0.0095724830041743,
    -0.013844047414345874,
    -0.003804086180429699,
    -0.005458173966164597,
    0.029889051698976092,
    0.012811468060438832,
    0.023107584022606414,
    0.003012549212952662,
    0.004958714474923909,
    -0.019042930772735014,
    0.0023992251824691063,
    -0.011399505349497,
    0.007691784832988762,
    0.023786347255938582,
    0.028205930151873164,
    -0.02155862029434906,
    -0.03978650665117635,
    0.010864703243391382,
    0.008772670213753978,
    -0.0049456406850367785,
    -0.01764737695662512,
    -0.026530786210464105,
    -0.013219072690440549,
    0.009634747277434345,
    -0.021126078255797945,
    -0.0071651123127796585,
    0.006786541030224826,
    -0.002691820910614398,
    0.028802342091997463,
    0.014160656292612353,
    0.033449545916583806,
    -0.029055291476349037,
    -0.025232902107139427,
    0.004643394818736447,
    -0.0008669040528022581,
    -0.008866146601374365,
    -0.006137742673874729,
    0.003228144564976295,
    0.041525017056200236,
    -0.02322882657042808,
    -0.006480352422739897,
    -0.012328133245723115,
    0.021227199118584394,
    -0.02051201571399967,
    -0.022139434288773272,
    -0.02381436216334502,
    -0.011898329093431434,
    -0.00846028226078488,
    -0.010363479649337629,
    -0.007209185161627829,
    -0.006333310599296106,
    0.0011150922315816085,
    -0.007099308616792162,
    -0.004001251344258587,
    0.018100200841824215,
    -0.021999403575642243,
    0.00012048716113592188,
    0.01901495296301113,
    0.009791820879197784,
    0.011458624309549728,
    -0.0306695272318191,
    -0.012409370120925209,
    -0.016130919102579355,
    -0.01445642448703034,
    0.009951637540426519,
    -0.02797367423772812,
    0.020300094180533454,
    -0.0060708895325660706,
    0.012736717342502542,
    0.0015358859673142433,
    0.03706535262366136,
    0.007155035738833249,
    -0.011426683204869429,
    -0.010528156249266531,
    -0.02763536986377504,
    -0.017489258924292192,
    -0.005028801514223839,
    0.0013086546872121592,
    -0.010888990247622132,
    0.0034016886460853536,
    -0.0016775196159465446,
    -0.018106420796054106,
    0.009118632997140393,
    0.012982660801046424,
    0.0033633813856997425,
    -0.029893870879378583,
    -0.006065591471269727,
    0.061917762789461345,
    0.018458517268300056,
    0.006186715220489229,
    -0.008792847330268059,
    0.011274184470595274,
    0.0075127701404401,
    0.024173286743462086,
    0.014872210255513588,
    0.002361111252361702,
    0.013953332220100693,
    0.015819237670964666,
    -0.004211045387718413,
    0.0005557056154227919,
    -0.042649469441837735,
    0.007520459741095288,
    -0.015745534665054746,
    -0.023906236100527976,
    0.004872294737853938,
    -0.004393383595419841,
    -0.017572463658224378,
    -0.02081315902372201,
    -0.03618884697142574,
    0.00581684284326103,
    -0.00703805294728631,
    0.005645574898355537,
    -0.016452504043829523,
    0.005132386286277324,
    0.011736079416651692,
    -0.0016757602699928814,
    0.006632935333376129,
    0.020017487100429006,
    0.029533445835113525,
    -0.038103565108031034,
    -0.010210615466348827,
    0.005547789617493335,
    0.0120530021441583,
    0.03981436126761966,
    0.008227373913137449,
    0.008506092812038131,
    -0.027158908183789916,
    -0.02304596288336648,
    0.026093753882580333,
    0.0061663463388362694,
    0.0005605873496582111,
    -0.019008601394792397,
    -0.0018221358364422081,
    -0.009596367987493673,
    -0.011777463404642832,
    0.04478159505459997,
    -0.034328034354580775,
    -0.002590697866657542,
    0.015537547982401319,
    -0.008905825670808554,
    -0.023282767894367378,
    -0.021371066932462983,
    0.010890323953289125,
    0.018455033416911546,
    0.0018872857714692752,
    0.0006510761644070348,
    0.005126533958698726,
    -0.05859065718120999,
    -0.024962832168158557,
    0.01505221374746826,
    0.0033001690551625667,
    -0.016897963411692116,
    -0.015179313434701826,
    -0.022966242059030466,
    -0.01329836275221573,
    -0.03008075886302524,
    -0.02454427055393656,
    -0.0012178485307635532,
    0.015133074536505673,
    0.016819272125657234,
    0.013717964912454287,
    -0.011628509654353062,
    0.026601891912933853,
    -0.0036934150848537683,
    -0.0063803138909861445,
    -0.029887767198185127,
    -0.00037649615357319516,
    0.011437821693511473,
    0.008406978410979113,
    0.004628700860646657,
    0.00543674153353398,
    0.008444401176853312,
    0.0004266745721300443,
    0.0006738367786359353,
    -0.008729042860472368,
    -0.006809579622414377,
    -0.0062080554974575835,
    -0.002587463344550795,
    -0.003008895605388615,
    -0.01465137631425427,
    -0.038921491553386055,
    0.015949931927025318,
    0.014017237272734443,
    -0.015298099852063589,
    -0.01425885015891658,
    0.0043980232698635924,
    -0.020351193120910063,
    0.017634223829696163,
    -0.00284326135523669,
    -0.004981877411612206,
    0.02003313973546028,
    -0.019762679003179073,
    0.02190388721646741,
    0.016358528493179217,
    -0.024594140239059925,
    -0.01760107113255395,
    -0.003857356444415119,
    0.016811206044318776,
    -0.028174965124991205,
    0.01960361697193649,
    0.0036156013019434693,
    7.882863671208422e-05,
    0.0030008493534599743,
    0.008857387234456837,
    0.02324675965226359,
    0.004891813823228909,
    -0.016487466016163427,
    0.005207851386836005,
    0.005928369135492378,
    -0.009817910070220629,
    0.03410279398991002,
    -0.0015322458024861084,
    0.009977558860555291,
    0.015101623020099295,
    0.019757164978525706,
    -0.0004831712641235855,
    0.04470141459670332,
    -0.015505695508586036,
    0.00911461890468167,
    0.008380786054961694,
    0.010166899973733557,
    -0.03665031409925885,
    0.01914290664717555,
    -0.0272767700565358,
    0.013839833231435882,
    -0.0035362052472515237,
    -0.05420886683795187,
    0.0058765637416703,
    0.013039784415418075,
    -0.007373355726789062,
    0.01848806156259444,
    -0.011707385562153326,
    -0.034974743612110615,
    -0.028412122693326738,
    -0.01639462530794036,
    0.016178109941797122,
    0.016621388420591958,
    -0.014746368552247683,
    -0.0043964619205022855,
    -0.002863986068405211,
    0.0007116305383129253,
    -0.013789085981746515,
    0.001748151051288005,
    -0.012936270149010751,
    -0.0021338702903853524,
    0.015123127804448208,
    -0.03809274153576957,
    -0.027103404928412702,
    0.002815025270036939,
    0.00022351477269290222,
    0.01289736036495823,
    -0.004002848885849946,
    -0.014986593172781996,
    0.016934177657175396,
    -0.009492435893561278,
    0.037930783815681934,
    -0.015016008064978652,
    -0.0023900640404058825,
    -0.009929725926162468,
    0.01505765737965703,
    -0.013861892925989296,
    -0.018623218975133367,
    0.016297967949261267,
    -0.006770914549835854,
    0.037509300021661654,
    -0.0030451787558073797,
    -0.0026225928547016033,
    -0.010408985040461024,
    -0.013422715037854182,
    0.033469474563995995,
    -0.004901888094738954,
    -0.0009471769379969272,
    0.006250695312499172,
    0.010162084466881223,
    -0.001984062801865447,
    0.00821329415258434,
    -0.017915546169711485,
    -0.010254816566076543,
    -0.008111570961773396,
    0.0028381041872004666,
    -0.008818528666678403,
    0.01484290544047124,
    -0.013857291493978765,
    -0.008809737641260855,
    0.003331665518797106,
    -0.006200784338741667,
    0.024876428302377462,
    -0.007929466444895499,
    -0.0009493683982226583,
    -0.009067254671309557,
    0.006073107878263626,
    0.014833737617462046,
    -0.03776552010741499,
    -0.021278503816574812,
    -0.0031299393352431557,
    0.00948521813067297,
    0.002320413445381241,
    0.0031224232710277042,
    -0.016970881648982566,
    -0.006124051430055665,
    0.04857339709997177,
    -0.004191067509560121,
    0.004699840566091653,
    0.005271651885575718,
    0.00813176242647589,
    -0.01860537200466044,
    -0.005857994702334206,
    -0.02703093613187472,
    0.002097907075141039,
    -0.001901404502051365,
    -0.016564287348753877,
    0.008873057047215601,
    -0.010828496843007289,
    0.023842187650087807,
    0.002737841387796733,
    -0.006979821670231306,
    0.003865409538977676,
    -0.0026651423605572847,
    -0.00906766517760439,
    -0.0005646170272181431,
    0.00313234051120364,
    -0.004584599415668183,
    -0.0376988858398464,
    0.01668564399652597,
    -0.0031357021847118935,
    -0.0011083742137998343,
    0.037788179185655385,
    -0.011987587333553366,
    0.030284705054428842,
    -0.002103514568362799,
    -0.020037087094452646,
    -0.011291241506114602,
    -0.011902777788539728,
    -0.026964146747357316,
    -0.004407900560181588,
    -0.02459392448266347,
    0.017982092685997486,
    -0.014759581316159003,
    -0.009788742004376318,
    0.01975876336089439,
    -0.02174001093953848,
    0.035087700208856,
    -0.030117572388715215,
    -0.004356849654060271,
    -0.05291213716069857,
    0.02713820296857092,
    -0.006481494702812698,
    -0.007984054087299026,
    -0.03028258143199815,
    -0.001077625965182152,
    -0.0032323028689360297,
    -0.04465439191295041,
    -0.018584441341873672,
    -0.0030710829653091626,
    -0.007672210068752368,
    0.012137101342280706,
    0.02980954334553745,
    0.007258255422736208,
    0.022439488508098293,
    0.02467902542816268,
    0.016553207714524534,
    -0.017103349427796073,
    0.028630786057975557,
    0.033641781450973615,
    0.006384236376864767,
    0.01445048778421349,
    -0.02514765877276659,
    -0.001759734366916948,
    0.0358917870455318,
    -0.023660189653229382,
    -0.010313555831089616,
    0.014293247419926856,
    -0.010818144901552133,
    -0.034054935806327395,
    0.011295815671069754,
    -0.009838949112034041,
    0.005366826455833184,
    0.015373308366785446,
    -0.014317393561618196,
    0.004096742564191421,
    -0.028467392962839868,
    -0.006644268701266911,
    0.009238642381711138,
    -0.013390424299157329,
    -0.00960718872334433,
    0.0032779586294458974,
    0.004553460516035557,
    -0.031586096725530095,
    0.03474166958282391,
    0.007085743573649476,
    0.01986389576147,
    0.011792593221697543,
    0.029106361377570365,
    -0.011831051708819965,
    0.018735375643397372,
    -0.01557986308924026,
    -0.025429219835334353,
    -0.011821034338532222,
    -0.007158066184880833,
    -0.0013294453189397852,
    0.009183110371749435,
    -0.02683452061480946,
    -0.015111818495723937,
    -0.005089631226534645,
    -0.023399273476873834,
    0.005287118126741714,
    0.018398103278337255,
    0.0038761397202809653,
    -0.015891938289213512,
    0.012788449258853992,
    -0.024400975762142077,
    0.01302283075185389,
    -0.0035113482218649653,
    -0.02996053598407242,
    -0.016610397258773446,
    -0.01022089446713734,
    -0.020946757937458135,
    0.0017425571503635081,
    0.01372051821090281,
    -0.011217951205455594,
    -0.027583538606348965,
    -0.021315065264287923,
    0.007725326452701766,
    0.0041412996619732845,
    -0.001060751874724196,
    -0.022202935328500137,
    0.015230790918899907,
    0.00970876444545057,
    0.009999661124311388,
    0.02802958877550231,
    0.0034765611328313956,
    0.05079803615808487,
    0.02029050151920981,
    -0.00046011158782574866,
    0.03993170123754276,
    0.039898586097276874,
    -0.0008857948576203651,
    -0.012663388912591876,
    -0.027325861466427643,
    5.340185533795092e-05,
    -0.001212408158203794,
    -0.014690696837432269,
    -0.014699575594729848,
    0.05014300739599599,
    -0.0018701289728697804,
    0.003442057641223073,
    0.02159710404359632,
    -0.032644102142916784,
    -0.008223250491937506,
    0.005036549028267877,
    -0.02246062747306294,
    -0.0052938445781668024,
    0.011519854965525964,
    -0.0008299158006492588,
    0.024829436662710376,
    -0.012387934451301893,
    0.0016867182114058072,
    -0.008854938347616957,
    0.005232829956286069,
    0.0038264052968265284,
    -0.036618656375341944,
    0.02455967255971498,
    0.022118435681073204,
    -0.007876801614960035,
    -0.02004592692376011,
    -0.00573765341606405,
    -0.021543555065161653,
    -0.014806805039471429,
    0.0519371305902799,
    -0.005494135638905896,
    -0.033936634245846004,
    -0.0042474538268935345,
    0.033534392197099,
    -0.0021986405287558832,
    0.02158904241191016,
    0.02041093756755193
  ]
}